word_segment,instances,prominence
དང་,82,3.5543996532293023
ལ་,73,3.1642826181187687
འི་,64,2.774165583008236
ར་,63,2.7308192457737324
ས་,51,2.2106631989596877
ན་,34,1.4737754659731253
ལ,31,1.3437364542696142
དུ་,30,1.3003901170351104
ནས་,30,1.3003901170351104
ཡང་,21,0.9102730819245773
དེ་ནས་,20,0.8669267446900737
ངོ་,19,0.8235804074555699
ས,18,0.7802340702210664
བཏང་,18,0.7802340702210664
མི་,17,0.7368877329865626
འོ,17,0.7368877329865626
དེ་,17,0.7368877329865626
ལུས་,17,0.7368877329865626
གི་,16,0.693541395752059
རླུང་,16,0.693541395752059
དེ,16,0.693541395752059
བྱ,15,0.6501950585175552
ཆུ་,15,0.6501950585175552
འདི་,13,0.5635023840485479
གསུམ་,12,0.5201560468140443
རང་,12,0.5201560468140443
བདུད་རྩི་,11,0.4768097095795405
གྱི་,11,0.4768097095795405
འདྲ,11,0.4768097095795405
ཏུ་,10,0.43346337234503685
བཏབ་,9,0.3901170351105332
ནད་,9,0.3901170351105332
ཐམས་ཅད་,9,0.3901170351105332
ལྔ་,9,0.3901170351105332
ཨ་རུ་,9,0.3901170351105332
མ་,9,0.3901170351105332
ཙམ་,8,0.3467706978760295
སྦྱར་,8,0.3467706978760295
གཅིག་,8,0.3467706978760295
རྣམས་,8,0.3467706978760295
ནང་,8,0.3467706978760295
ནི་,8,0.3467706978760295
ཆོས་,8,0.3467706978760295
རྒྱུན་,8,0.3467706978760295
བསམ,8,0.3467706978760295
ཞག་,7,0.30342436064152584
འགྱུར་,7,0.30342436064152584
ཞིག་,7,0.30342436064152584
ཚྭ་,7,0.30342436064152584
ཀྱི་,7,0.30342436064152584
ཚེ་,7,0.30342436064152584
བླ་མ་,7,0.30342436064152584
དང་པོ་,7,0.30342436064152584
བྱས་,7,0.30342436064152584
དེ་ལྟར་,7,0.30342436064152584
ཐར་བ,6,0.26007802340702213
རོ,6,0.26007802340702213
སུ་,6,0.26007802340702213
བྱུང་,6,0.26007802340702213
ཡིན,6,0.26007802340702213
ཕུལ་,6,0.26007802340702213
ཡོན་ཏན་,6,0.26007802340702213
གང་,6,0.26007802340702213
འབྱུང་བ་,6,0.26007802340702213
འབྱོངས་,6,0.26007802340702213
སྙིང་,6,0.26007802340702213
རེ་,6,0.26007802340702213
འབྱུང་,6,0.26007802340702213
ནི,5,0.21673168617251842
བར་,5,0.21673168617251842
ཟོས་,5,0.21673168617251842
ན,5,0.21673168617251842
གཉིས་,5,0.21673168617251842
ནས,5,0.21673168617251842
ཚད་,5,0.21673168617251842
ཀྱང་,5,0.21673168617251842
འོ་མ་,5,0.21673168617251842
འོང་,5,0.21673168617251842
ཟླ་བ་,5,0.21673168617251842
སེམས་,5,0.21673168617251842
བྱ་,5,0.21673168617251842
སྟེ,5,0.21673168617251842
མཁའ་འགྲོ་,5,0.21673168617251842
དོ,5,0.21673168617251842
རྟགས་,5,0.21673168617251842
ཨེན་,5,0.21673168617251842
ལ་སོགས་པ་,5,0.21673168617251842
བཏུང་,5,0.21673168617251842
གོང་,5,0.21673168617251842
མན་ངག་,4,0.17338534893801474
ཨོཾ་,4,0.17338534893801474
བསྐོལ་,4,0.17338534893801474
དག་,4,0.17338534893801474
ཡིན་པ,4,0.17338534893801474
གལ་ཆེ,4,0.17338534893801474
བཅུད་ལེན་,4,0.17338534893801474
མང་,4,0.17338534893801474
སྣ་,4,0.17338534893801474
མེད་པ་,4,0.17338534893801474
གྱིས་,4,0.17338534893801474
ཕྱག་,4,0.17338534893801474
ཡོད་པ,4,0.17338534893801474
ཧཱུཾ་,4,0.17338534893801474
བསྒོམ,4,0.17338534893801474
བདུད་རྩི,4,0.17338534893801474
བསྒོམ་,4,0.17338534893801474
ཉོན་མོངས་པ་,4,0.17338534893801474
མེད་,4,0.17338534893801474
སྲིན་,4,0.17338534893801474
ཤེས་པ་,4,0.17338534893801474
ཕྱེ་,4,0.17338534893801474
མུ་ཟི་,3,0.13003901170351106
ཏེ,3,0.13003901170351106
ལྔ,3,0.13003901170351106
མེ་,3,0.13003901170351106
སྔགས་,3,0.13003901170351106
ལན་,3,0.13003901170351106
ཏེ་,3,0.13003901170351106
ཐང་,3,0.13003901170351106
ཞིང་,3,0.13003901170351106
ཀ་,3,0.13003901170351106
མེ་ཏོག་,3,0.13003901170351106
ཀ་ར་,3,0.13003901170351106
གསུང་,3,0.13003901170351106
བརྒྱ་,3,0.13003901170351106
དུས་,3,0.13003901170351106
མེད,3,0.13003901170351106
འདུས,3,0.13003901170351106
དཀ,3,0.13003901170351106
འགྲོ,3,0.13003901170351106
ལྟ་བུ,3,0.13003901170351106
ཀུན་,3,0.13003901170351106
བྱེད,3,0.13003901170351106
ཐབས་,3,0.13003901170351106
བྲེ་,3,0.13003901170351106
དོ་,3,0.13003901170351106
རྡོག་པོ་,3,0.13003901170351106
བཏགས་,3,0.13003901170351106
ཕོག་,3,0.13003901170351106
འམ་,3,0.13003901170351106
སྣོད་,3,0.13003901170351106
ཟ,3,0.13003901170351106
ཉི་ཟླ་,3,0.13003901170351106
མཁའ་འགྲོ,3,0.13003901170351106
བྱེད་པ་,3,0.13003901170351106
ཚགས་,3,0.13003901170351106
སྔོན་,3,0.13003901170351106
སྒོག་པ་,3,0.13003901170351106
ཆན་,3,0.13003901170351106
ཡིན་,3,0.13003901170351106
གཡས་,3,0.13003901170351106
རལ་གྲི,3,0.13003901170351106
བུམ་པ་,3,0.13003901170351106
ཕག་མོ་,3,0.13003901170351106
མ,3,0.13003901170351106
ཡེ་ཤེས་,3,0.13003901170351106
མོ,3,0.13003901170351106
བཅད་པ,3,0.13003901170351106
དུག་,3,0.13003901170351106
ཀྱིས་,3,0.13003901170351106
ལྷ་,3,0.13003901170351106
བདུན་,3,0.13003901170351106
མར་,3,0.13003901170351106
ཐུབ་བོ,3,0.13003901170351106
བྱས་པ,3,0.13003901170351106
ཅིག་,3,0.13003901170351106
ཤ་,3,0.13003901170351106
གསུམ,3,0.13003901170351106
ཡོད་,3,0.13003901170351106
ཁོང་,3,0.13003901170351106
གིས་,3,0.13003901170351106
ཚོགས་,3,0.13003901170351106
ཆུ,3,0.13003901170351106
ཚ་བ་,3,0.13003901170351106
གཅོད,3,0.13003901170351106
གདབ,3,0.13003901170351106
གྲང་,3,0.13003901170351106
རྩི་,3,0.13003901170351106
བཞིན་,3,0.13003901170351106
ལྷ,3,0.13003901170351106
ཞེས་པ,2,0.08669267446900737
བཞི་,2,0.08669267446900737
སྟེ་,2,0.08669267446900737
སྦྱར,2,0.08669267446900737
ཕཊ,2,0.08669267446900737
མོ་,2,0.08669267446900737
ན་མ,2,0.08669267446900737
སོང་,2,0.08669267446900737
མིག་,2,0.08669267446900737
མཁྲིས་པ་,2,0.08669267446900737
རཾ་,2,0.08669267446900737
གནས་,2,0.08669267446900737
སྐོམ་,2,0.08669267446900737
མཆུ་སྙུང་,2,0.08669267446900737
ནོ,2,0.08669267446900737
འདར་བ་,2,0.08669267446900737
གསེར་,2,0.08669267446900737
སྤྱིར་,2,0.08669267446900737
བཏང་བ་,2,0.08669267446900737
ཇི་ལྟར་,2,0.08669267446900737
སློབ་དཔོན་,2,0.08669267446900737
ཀླུ,2,0.08669267446900737
ཡུལ་,2,0.08669267446900737
ལོ,2,0.08669267446900737
རིག་འཛིན་,2,0.08669267446900737
སྨན་,2,0.08669267446900737
ཟད་པ་,2,0.08669267446900737
སྣ་ཚོགས་,2,0.08669267446900737
ཡོད,2,0.08669267446900737
བཅུ་དྲུག་,2,0.08669267446900737
ལྟར་,2,0.08669267446900737
སྐྲ་དཀར་,2,0.08669267446900737
བུད་,2,0.08669267446900737
ནག་པོ,2,0.08669267446900737
གཉེར་མ་,2,0.08669267446900737
དཀར་པོ,2,0.08669267446900737
ཉམས་སྟོབས་,2,0.08669267446900737
འཕེལ་,2,0.08669267446900737
གནོད་པ,2,0.08669267446900737
གདོང་གྲོགས་,2,0.08669267446900737
དབང་པོ་,2,0.08669267446900737
ཐུན་,2,0.08669267446900737
བླུགས་,2,0.08669267446900737
ཉམས་,2,0.08669267446900737
མཉམ,2,0.08669267446900737
གདོན་,2,0.08669267446900737
རྒུད་པ་,2,0.08669267446900737
གསལ་,2,0.08669267446900737
མགྱོགས་པ་,2,0.08669267446900737
ལ་སོགས་པ,2,0.08669267446900737
སྤངས་,2,0.08669267446900737
ལྡན་པ,2,0.08669267446900737
མེད་པ,2,0.08669267446900737
བཙོ,2,0.08669267446900737
ཙ་ན་,2,0.08669267446900737
ནུབ་མོ་,2,0.08669267446900737
ཡི་དམ་,2,0.08669267446900737
གཏོར་མ་,2,0.08669267446900737
དར་,2,0.08669267446900737
བསྒོམ་པ,2,0.08669267446900737
ལྷ་མོ་,2,0.08669267446900737
སྐུ་མདོག་,2,0.08669267446900737
རྒྱན་,2,0.08669267446900737
གཡོན་,2,0.08669267446900737
སྐྱེས་,2,0.08669267446900737
སྐེ་,2,0.08669267446900737
བསམ་,2,0.08669267446900737
དམར་,2,0.08669267446900737
གཡོན་པ,2,0.08669267446900737
བླུགས་པ,2,0.08669267446900737
སྟེང་,2,0.08669267446900737
འོག་རླུང་,2,0.08669267446900737
སྒོམ་,2,0.08669267446900737
སྙིང་པོ་,2,0.08669267446900737
འདི,2,0.08669267446900737
བྱིན་རླབས་,2,0.08669267446900737
འོད་ཟེར་,2,0.08669267446900737
ཤིན་,2,0.08669267446900737
བྱུག་པ་,2,0.08669267446900737
ལ་མ,2,0.08669267446900737
འགག,2,0.08669267446900737
ཐོན་,2,0.08669267446900737
ཡང་ཡང་,2,0.08669267446900737
སྒོམ་པ་,2,0.08669267446900737
སྒོག་,2,0.08669267446900737
སྐྱ་,2,0.08669267446900737
དགོས་,2,0.08669267446900737
སོ,2,0.08669267446900737
ཕྱི་,2,0.08669267446900737
གསང་བ་,2,0.08669267446900737
བདེ་བ་,2,0.08669267446900737
གསལ་བ་,2,0.08669267446900737
ཟས་,2,0.08669267446900737
དགོས་པ་,2,0.08669267446900737
ཆོད་པ,2,0.08669267446900737
མངོན་པར་,2,0.08669267446900737
བྲལ་བ,2,0.08669267446900737
དོན་,2,0.08669267446900737
ཚོ་,2,0.08669267446900737
འོང་བ,2,0.08669267446900737
བློ་,2,0.08669267446900737
གཉིད་,2,0.08669267446900737
ཐོན་པ,2,0.08669267446900737
ལགས་སོ,2,0.08669267446900737
དུར་ཁྲོད་,2,0.08669267446900737
ཆེན་པོ་,2,0.08669267446900737
བྱ་བ,2,0.08669267446900737
རྒྱགས་,2,0.08669267446900737
ཤར་བ་,2,0.08669267446900737
གཅེར་བུ་,2,0.08669267446900737
ཞུན་མར་,2,0.08669267446900737
རུས་པ་,2,0.08669267446900737
གྲུབ་,2,0.08669267446900737
བཤལ་,2,0.08669267446900737
རྩ་བ་,2,0.08669267446900737
ལྟ་བུ་,2,0.08669267446900737
རྩ་སྦུབས་,2,0.08669267446900737
གང་བ,2,0.08669267446900737
བཅུ་གཅིག་,2,0.08669267446900737
དཔག་,2,0.08669267446900737
གསོལ་བ་,2,0.08669267446900737
བསམས་,2,0.08669267446900737
ཡོག་,2,0.08669267446900737
སྐྱེ,2,0.08669267446900737
གསལ,2,0.08669267446900737
དམ་ཚིག་,2,0.08669267446900737
ཆང་,2,0.08669267446900737
བཟང་,2,0.08669267446900737
ཡོང་,2,0.08669267446900737
གདམས་པ་,2,0.08669267446900737
འཐུང་,2,0.08669267446900737
བཟང་པོ,2,0.08669267446900737
སྐམས་,2,0.08669267446900737
དམིགས་པ་,2,0.08669267446900737
ཐ་མལ་,2,0.08669267446900737
དུ,2,0.08669267446900737
བཏུལ་བ་,1,0.043346337234503686
རིལ་མ་,1,0.043346337234503686
རིལ་,1,0.043346337234503686
ལུ་,1,0.043346337234503686
སྔགས་ཧ་ས་,1,0.043346337234503686
ཨོཾ་པ་,1,0.043346337234503686
ཏི་ཞེས་,1,0.043346337234503686
ཀླུ་,1,0.043346337234503686
རིགས་,1,0.043346337234503686
མཛེ་ནད་,1,0.043346337234503686
ཏོ,1,0.043346337234503686
གུ་གུལ་,1,0.043346337234503686
ཤ་ན,1,0.043346337234503686
ཀྲོ་,1,0.043346337234503686
ཏི་,1,0.043346337234503686
དགག་,1,0.043346337234503686
ལྷོག་,1,0.043346337234503686
སྐྲངས་པ,1,0.043346337234503686
ཙན་དན་,1,0.043346337234503686
ཡ་མ་,1,0.043346337234503686
ཙག་,1,0.043346337234503686
ཧ་,1,0.043346337234503686
སམ་,1,0.043346337234503686
བཀུས་,1,0.043346337234503686
རབ་རིབ་,1,0.043346337234503686
སོང་བ,1,0.043346337234503686
སྦྱར་ཧ་ས་,1,0.043346337234503686
རི་,1,0.043346337234503686
སྭཱ་,1,0.043346337234503686
ཧཱ,1,0.043346337234503686
ཤིང་,1,0.043346337234503686
བྱུགས་,1,0.043346337234503686
ཟས་སྐོམ་,1,0.043346337234503686
ཁྱི་,1,0.043346337234503686
ལུད་ཁུ་བ་,1,0.043346337234503686
ཏེ་ཨོཾ་,1,0.043346337234503686
ཁྲག་,1,0.043346337234503686
ཉག་,1,0.043346337234503686
སོང་སྔགས་,1,0.043346337234503686
ཤ་དུག་,1,0.043346337234503686
སྨན་སྒ་,1,0.043346337234503686
ཕ་བ་,1,0.043346337234503686
རི་ལུ་,1,0.043346337234503686
པི་པི་ལིང་,1,0.043346337234503686
བཅོ་ལྔ,1,0.043346337234503686
གྲང་བ,1,0.043346337234503686
བད་ཀན་,1,0.043346337234503686
དད་,1,0.043346337234503686
ཆེ་བ,1,0.043346337234503686
བཅའ་སྒ་,1,0.043346337234503686
བསྡུས་པ,1,0.043346337234503686
བྲང་ཚ་,1,0.043346337234503686
མགོ་འཁོར་,1,0.043346337234503686
ན་མ་,1,0.043346337234503686
ནུ་,1,0.043346337234503686
རྒྱ་ཚྭ,1,0.043346337234503686
ཤེལ་,1,0.043346337234503686
སུག་སྨེལ་,1,0.043346337234503686
སེ་འབྲུ་,1,0.043346337234503686
ཡུན་,1,0.043346337234503686
བསྟེན་,1,0.043346337234503686
མཁྲིས་པ,1,0.043346337234503686
ལྷུང་,1,0.043346337234503686
མིག་སེར་བ་,1,0.043346337234503686
སྐྱུག་,1,0.043346337234503686
ལོག་པ་,1,0.043346337234503686
བཤ་,1,0.043346337234503686
དང་བ་,1,0.043346337234503686
ལེ་,1,0.043346337234503686
འབྲས་བུ་,1,0.043346337234503686
གྱི་ཐང་,1,0.043346337234503686
ཏིག་ཏ་,1,0.043346337234503686
གུར་གུམ,1,0.043346337234503686
ལི་,1,0.043346337234503686
ག་དུར་,1,0.043346337234503686
གོས་,1,0.043346337234503686
དྲོ་བ,1,0.043346337234503686
རབ་,1,0.043346337234503686
དཀའ་ཐུབ་,1,0.043346337234503686
ཅེས་བྱ་བ་,1,0.043346337234503686
དཀའ་བ་,1,0.043346337234503686
ཐུབ་པ་,1,0.043346337234503686
ཟེར་བ་,1,0.043346337234503686
བྱུང་རྒྱལ་,1,0.043346337234503686
སྙིང་རུས་,1,0.043346337234503686
སྐྱེད་པ་,1,0.043346337234503686
འཕགས་པ་,1,0.043346337234503686
ཀླུ་སྒྲུབ་,1,0.043346337234503686
ཀྱིས,1,0.043346337234503686
བཤད་པ,1,0.043346337234503686
རྒྱལ་པོ,1,0.043346337234503686
སྦྱོར་བ་,1,0.043346337234503686
ཀྱེ་,1,0.043346337234503686
ཐ་མ་,1,0.043346337234503686
ཐུང་,1,0.043346337234503686
ལོངས་སྤྱོད་,1,0.043346337234503686
དམན,1,0.043346337234503686
ཡི་,1,0.043346337234503686
མ་ངེས་པ,1,0.043346337234503686
དམ་པ,1,0.043346337234503686
འགྲུབ་པ,1,0.043346337234503686
དབང་བ,1,0.043346337234503686
བསྒྲུབ,1,0.043346337234503686
མདོ་དོན་,1,0.043346337234503686
ཐུགསྨན་,1,0.043346337234503686
བསྡུས་དོན་,1,0.043346337234503686
སྨན་སྣ་,1,0.043346337234503686
དབང་པོ,1,0.043346337234503686
ལག་,1,0.043346337234503686
མངར་,1,0.043346337234503686
ལོ་,1,0.043346337234503686
ཐུབ་པ,1,0.043346337234503686
བརྒྱད་,1,0.043346337234503686
ཐུབ,1,0.043346337234503686
དགུ་,1,0.043346337234503686
བཅུ་,1,0.043346337234503686
ལོན་པ,1,0.043346337234503686
ལོན་,1,0.043346337234503686
གླང་ཆེན་,1,0.043346337234503686
འགྱུར,1,0.043346337234503686
ཟོར་,1,0.043346337234503686
སེངྒེ་,1,0.043346337234503686
བང་,1,0.043346337234503686
རྟ,1,0.043346337234503686
སླེབ་བོ,1,0.043346337234503686
བཀྲག་,1,0.043346337234503686
པདྨ་,1,0.043346337234503686
མཆོག་,1,0.043346337234503686
ལྷ་འདྲེ་,1,0.043346337234503686
ལྡན་,1,0.043346337234503686
ནོ་,1,0.043346337234503686
ཟ་,1,0.043346337234503686
ལགས་,1,0.043346337234503686
དྲིས་པ,1,0.043346337234503686
གདུ,1,0.043346337234503686
བརྒྱད,1,0.043346337234503686
ལག་པ་,1,0.043346337234503686
གཉིས,1,0.043346337234503686
ཞིབ་པ,1,0.043346337234503686
དཀྲུགདྲངས་པ་,1,0.043346337234503686
གའུ་,1,0.043346337234503686
ཕྱོགས་,1,0.043346337234503686
ཕྱེད་,1,0.043346337234503686
ཟད་པར་,1,0.043346337234503686
བསྐྱར་བ,1,0.043346337234503686
འདི་ཉིད་,1,0.043346337234503686
རྟག་,1,0.043346337234503686
སྤྱད་,1,0.043346337234503686
རིམས་,1,0.043346337234503686
འདུ་བ་,1,0.043346337234503686
རྣམ་,1,0.043346337234503686
ཐར,1,0.043346337234503686
རྒས་པ་,1,0.043346337234503686
ན་བ་,1,0.043346337234503686
རྔུལ་,1,0.043346337234503686
སྔ་ཕྱི་,1,0.043346337234503686
དྲན་,1,0.043346337234503686
ལ་དུ,1,0.043346337234503686
ཤེས,1,0.043346337234503686
དྲན་པ་,1,0.043346337234503686
བདེ,1,0.043346337234503686
འཕུར་,1,0.043346337234503686
ཤེས་,1,0.043346337234503686
ལྷ་སྲིན་,1,0.043346337234503686
གྲོགས་,1,0.043346337234503686
དམ་པ་,1,0.043346337234503686
འཚལ་,1,0.043346337234503686
གཅོད་,1,0.043346337234503686
པ྄ི་,1,0.043346337234503686
སྐྱེ་,1,0.043346337234503686
ཤི,1,0.043346337234503686
འཇིགས་པ,1,0.043346337234503686
ལ་དུག་,1,0.043346337234503686
རྣམ་པ་,1,0.043346337234503686
ལྔ་པོ་,1,0.043346337234503686
བདུད་,1,0.043346337234503686
ཆུ་ཤིང་,1,0.043346337234503686
དགོན་པ,1,0.043346337234503686
འམ,1,0.043346337234503686
དགོན་པ་,1,0.043346337234503686
གཡེང་བ,1,0.043346337234503686
འཁྱེར་བ་,1,0.043346337234503686
བླ,1,0.043346337234503686
ཚོས་,1,0.043346337234503686
ཚེས་གྲངས་,1,0.043346337234503686
བཟང་པོ་,1,0.043346337234503686
ཚེས་,1,0.043346337234503686
བཟུང་,1,0.043346337234503686
སྤར་གང་,1,0.043346337234503686
རིག་པ,1,0.043346337234503686
བལྟས་,1,0.043346337234503686
སྲོག་རྩ་,1,0.043346337234503686
བཀལ་,1,0.043346337234503686
དཀྱིལ་,1,0.043346337234503686
ས་བོན་,1,0.043346337234503686
ཨ་ཧ་,1,0.043346337234503686
དུབ་པ་,1,0.043346337234503686
ཧོ་བྱས་པ,1,0.043346337234503686
ལྷ་མོ,1,0.043346337234503686
གྱུར་,1,0.043346337234503686
བཅས་པ,1,0.043346337234503686
པདྨ,1,0.043346337234503686
གདན་,1,0.043346337234503686
བཞུགས་པ,1,0.043346337234503686
ཐོགས་པ,1,0.043346337234503686
རིན་པོ་ཆེ་,1,0.043346337234503686
སྣ་ཚོགས་པ,1,0.043346337234503686
བརྒྱན་པ,1,0.043346337234503686
དབུ་,1,0.043346337234503686
བཅད་,1,0.043346337234503686
གསང་,1,0.043346337234503686
སྒྲུབ་,1,0.043346337234503686
ཤིན་ཏུ་,1,0.043346337234503686
མཛེས་པ,1,0.043346337234503686
ཙ་ན,1,0.043346337234503686
རྩ,1,0.043346337234503686
སྦུབས་,1,0.043346337234503686
རམ་,1,0.043346337234503686
ཙེ་,1,0.043346337234503686
བྱུང་བ,1,0.043346337234503686
བསད་པ,1,0.043346337234503686
བསད་,1,0.043346337234503686
འབར་བ,1,0.043346337234503686
ཐམས་,1,0.043346337234503686
བཀྲ་,1,0.043346337234503686
ལམ་,1,0.043346337234503686
བདེ་བ,1,0.043346337234503686
རྐན་མར་,1,0.043346337234503686
འབྱོར་བ་,1,0.043346337234503686
ཁེངས་,1,0.043346337234503686
དཀར་མེ,1,0.043346337234503686
ཞིམ་,1,0.043346337234503686
འགྲངས་པ,1,0.043346337234503686
རྟིང་,1,0.043346337234503686
དྷཱུ་,1,0.043346337234503686
ཏིར་,1,0.043346337234503686
བཅུག་,1,0.043346337234503686
མནན,1,0.043346337234503686
འཐེན,1,0.043346337234503686
སྐྱིལ་,1,0.043346337234503686
ཐུབ་,1,0.043346337234503686
བསྡམ,1,0.043346337234503686
སྣ་བུག་,1,0.043346337234503686
དཀྲིས་,1,0.043346337234503686
ཁད་,1,0.043346337234503686
གཏོང་,1,0.043346337234503686
རུ་,1,0.043346337234503686
ཞིང་ལྷ,1,0.043346337234503686
བཛྲ་,1,0.043346337234503686
ཀརྨ་,1,0.043346337234503686
ཧྲི་,1,0.043346337234503686
ཏཱ་,1,0.043346337234503686
ཨ,1,0.043346337234503686
ཨུ་པ་,1,0.043346337234503686
དེ་བ་,1,0.043346337234503686
རཀྴ་,1,0.043346337234503686
སྙིང་པོ,1,0.043346337234503686
འབར་,1,0.043346337234503686
སངས་རྒྱས་པ,1,0.043346337234503686
ཞིང་ཆུ་,1,0.043346337234503686
ཚ་,1,0.043346337234503686
ནུབ་,1,0.043346337234503686
ལྟོགས་པ,1,0.043346337234503686
ར,1,0.043346337234503686
ལྟོ,1,0.043346337234503686
བཏང་བ,1,0.043346337234503686
ཉི་ཤུ་,1,0.043346337234503686
རྩ་,1,0.043346337234503686
སྐྱེས་པ་,1,0.043346337234503686
རུས་ཁུ་,1,0.043346337234503686
བཏབ་པ་,1,0.043346337234503686
བཏུང་བ་,1,0.043346337234503686
སྐྱོན་,1,0.043346337234503686
ལོག་གནོན་,1,0.043346337234503686
ཆོག་,1,0.043346337234503686
གོདང་ག་,1,0.043346337234503686
རྩིབ་མ,1,0.043346337234503686
ཟུག་,1,0.043346337234503686
བྱུགདྲི་མ་,1,0.043346337234503686
ཁམ་,1,0.043346337234503686
གསུས་པ་,1,0.043346337234503686
རྒྱུ་མ་,1,0.043346337234503686
འབྱར་,1,0.043346337234503686
གསུར་,1,0.043346337234503686
ཉམ་ཆུང་,1,0.043346337234503686
ལུས་པོ་,1,0.043346337234503686
ཆུས་,1,0.043346337234503686
བཀྲུས་,1,0.043346337234503686
སྣུམ་,1,0.043346337234503686
ཉེད་,1,0.043346337234503686
བསྐྱེད་རིམ་,1,0.043346337234503686
དེ་ཡང་,1,0.043346337234503686
སྤར་,1,0.043346337234503686
ཡར་,1,0.043346337234503686
གཞི་,1,0.043346337234503686
འཛིན་པ་,1,0.043346337234503686
རོ་,1,0.043346337234503686
སྙོམས་པ་,1,0.043346337234503686
ཁུན་,1,0.043346337234503686
དུས་གསུམ་,1,0.043346337234503686
གལ་ཆེ་,1,0.043346337234503686
བྱ་བ་,1,0.043346337234503686
གཅོད་པ་,1,0.043346337234503686
ཆད་པ,1,0.043346337234503686
ལུས་དཀར་བ་,1,0.043346337234503686
ཡང་བ་,1,0.043346337234503686
ཞེན་པ་,1,0.043346337234503686
ཕྱི,1,0.043346337234503686
རྣམ་རྟོག་,1,0.043346337234503686
འཆར་བ་,1,0.043346337234503686
ཟིན་པ,1,0.043346337234503686
སྤྱོད་པ་,1,0.043346337234503686
ཞི,1,0.043346337234503686
བྱིང་རྨུགས་,1,0.043346337234503686
མྱོང་,1,0.043346337234503686
ལྟ་བ་,1,0.043346337234503686
རྟོགས་པ,1,0.043346337234503686
འཁོར་འདས་,1,0.043346337234503686
བརྟེན་,1,0.043346337234503686
སྟོབས་,1,0.043346337234503686
སེང་གེ་,1,0.043346337234503686
རྟ་,1,0.043346337234503686
གཞོན་པ་,1,0.043346337234503686
བུ་ཆུང་,1,0.043346337234503686
ན་ཚ་,1,0.043346337234503686
སྡུག་བསྔལ་,1,0.043346337234503686
ཞལ་,1,0.043346337234503686
མཐོང་བ,1,0.043346337234503686
འགྲོ་བ,1,0.043346337234503686
ནོར་རྫས་,1,0.043346337234503686
ལོག་པ,1,0.043346337234503686
དྲི་,1,0.043346337234503686
འོང་བ་,1,0.043346337234503686
མཉམ་པ,1,0.043346337234503686
ངག་,1,0.043346337234503686
ནུས་པ་,1,0.043346337234503686
འབྱུང་བ,1,0.043346337234503686
རྟོགས་པ་,1,0.043346337234503686
སྐྱེ་བ,1,0.043346337234503686
དགྲ་,1,0.043346337234503686
གཉེན་,1,0.043346337234503686
མཉམ་པ་,1,0.043346337234503686
བརྒྱུད་པ་,1,0.043346337234503686
འདི་ལྟར་,1,0.043346337234503686
རྒྱ་གར་,1,0.043346337234503686
རྗེ་བཙུན་,1,0.043346337234503686
བསིལ་བ,1,0.043346337234503686
ཚལ་,1,0.043346337234503686
བསྒོམས་པ,1,0.043346337234503686
ཆད་,1,0.043346337234503686
ནང་པ,1,0.043346337234503686
ཁྱིམ་,1,0.043346337234503686
ལེན་,1,0.043346337234503686
འགྲོ་,1,0.043346337234503686
བསམ་པ་,1,0.043346337234503686
དཀར་མོ,1,0.043346337234503686
ལུང་བསྟན,1,0.043346337234503686
འབྲས་,1,0.043346337234503686
མ་ལ་,1,0.043346337234503686
གནང་,1,0.043346337234503686
བྲམ་ཟེ་,1,0.043346337234503686
མི་རིགས་,1,0.043346337234503686
བལ་པོ་,1,0.043346337234503686
ཛ་,1,0.043346337234503686
སྐལ་ལྡན་,1,0.043346337234503686
བུན་པོ་,1,0.043346337234503686
རྡོ་རྗེ་,1,0.043346337234503686
བདག་,1,0.043346337234503686
གནང་བ,1,0.043346337234503686
འགལ་བ་,1,0.043346337234503686
བཟོད་པ,1,0.043346337234503686
གསོལ,1,0.043346337234503686
ན་མོ་,1,0.043346337234503686
གུ་རུ,1,0.043346337234503686
ཚལ་པ་,1,0.043346337234503686
ཅིག,1,0.043346337234503686
ནས་ཕྱེ་,1,0.043346337234503686
ཅིགམི་ལ་,1,0.043346337234503686
སོགས་པ,1,0.043346337234503686
རྙེད་,1,0.043346337234503686
ཟངས་,1,0.043346337234503686
མིན་པ,1,0.043346337234503686
ཅི་རིགས་,1,0.043346337234503686
སྐྱུགས་,1,0.043346337234503686
གཏོར་,1,0.043346337234503686
སོགས་,1,0.043346337234503686
བྱུགས་པ་,1,0.043346337234503686
དོ་ནུབ་,1,0.043346337234503686
ལྟོ་,1,0.043346337234503686
ཅུ,1,0.043346337234503686
ཟད་,1,0.043346337234503686
རྩམ་པ་,1,0.043346337234503686
ཞོགས་པ་,1,0.043346337234503686
ལྕེ་ཆུང་,1,0.043346337234503686
འཇིབས་པ,1,0.043346337234503686
ནུ་སོར་,1,0.043346337234503686
བྱང་སེམས་,1,0.043346337234503686
དཀར་དམར་,1,0.043346337234503686
འོ་མ,1,0.043346337234503686
བབས་པ,1,0.043346337234503686
མཆིལ་མ་,1,0.043346337234503686
མིད་,1,0.043346337234503686
ཕྱེད་ཙམ་པ་,1,0.043346337234503686
ལྷག་,1,0.043346337234503686
ཁོལ་,1,0.043346337234503686
ངང་,1,0.043346337234503686
ཡལ་,1,0.043346337234503686
གཞུག་,1,0.043346337234503686
གོདེ་,1,0.043346337234503686
སྲིན་ལག་,1,0.043346337234503686
གིས་ཨོཾ་,1,0.043346337234503686
ཨཱཿ,1,0.043346337234503686
ཧཱུཾ་གསུམ་,1,0.043346337234503686
བཀོད་,1,0.043346337234503686
དེ་ལས་,1,0.043346337234503686
འཕྲོས་པ,1,0.043346337234503686
སྤྱན་,1,0.043346337234503686
དྲངས་,1,0.043346337234503686
བཏབ་པ,1,0.043346337234503686
ཉིན་,1,0.043346337234503686
དགོང་མོ་,1,0.043346337234503686
དེ་བཞིན་,1,0.043346337234503686
ངེས་པ་,1,0.043346337234503686
མགོ་,1,0.043346337234503686
འཐོམས་པ་,1,0.043346337234503686
དུ་མ,1,0.043346337234503686
དུམ་རེ་,1,0.043346337234503686
གྲང་བ་,1,0.043346337234503686
ནས་ཆུ་,1,0.043346337234503686
ནམ་,1,0.043346337234503686
ལྟོགས་པ་,1,0.043346337234503686
ཉི་མ་,1,0.043346337234503686
དྲག་,1,0.043346337234503686
བརྡལ,1,0.043346337234503686
གཏན་,1,0.043346337234503686
མང་པོ,1,0.043346337234503686
བུད་མེད་,1,0.043346337234503686
སྤང་,1,0.043346337234503686
བཅགའོ་མ་,1,0.043346337234503686
ལེགས,1,0.043346337234503686
བརྡལ་,1,0.043346337234503686
ཆུང་,1,0.043346337234503686
ཁམས་,1,0.043346337234503686
དལ་བ་,1,0.043346337234503686
དགྲ་བགེགས་,1,0.043346337234503686
ཕྱག་རྒྱ་,1,0.043346337234503686
ཆེན་པོ,1,0.043346337234503686
དངོས་གྲུབ་,1,0.043346337234503686
ཐོབ་བོ,1,0.043346337234503686
བཻ་,1,0.043346337234503686
འགོ་བ,1,0.043346337234503686
ན་མོ,1,0.043346337234503686
ཙམ,1,0.043346337234503686
ཤུན་པ་,1,0.043346337234503686
བཤུས་པ,1,0.043346337234503686
བུར་,1,0.043346337234503686
རྙིང་,1,0.043346337234503686
ངམ,1,0.043346337234503686
སྦུ་,1,0.043346337234503686
བུར,1,0.043346337234503686
བསྲེའོ,1,0.043346337234503686
ཡིབས་,1,0.043346337234503686
རུས་,1,0.043346337234503686
གྲིབ་སྐམ་,1,0.043346337234503686
མར་ཁུ་,1,0.043346337234503686
བསྲེས་,1,0.043346337234503686
བཞགགཞན་,1,0.043346337234503686
ཡང་ཚ་བ་,1,0.043346337234503686
འབྲུ་,1,0.043346337234503686
ཐུས་,1,0.043346337234503686
བྱས་པ་,1,0.043346337234503686
སྨན་མར་,1,0.043346337234503686
གསོག་,1,0.043346337234503686
གོདེ་ནས་,1,0.043346337234503686
བཞོས་པ,1,0.043346337234503686
སྔ་མ་,1,0.043346337234503686
གྲང་མོ་,1,0.043346337234503686
ཁེམ་,1,0.043346337234503686
བུ་,1,0.043346337234503686
རྡོག་,1,0.043346337234503686
གྱུར་མིད་,1,0.043346337234503686
བཟླས་བརྗོད་,1,0.043346337234503686
ལ་མ་,1,0.043346337234503686
ཡེངས་པ,1,0.043346337234503686
བཅུན་པ་,1,0.043346337234503686
བཏུབ,1,0.043346337234503686
བསྐྱིལ་བ་,1,0.043346337234503686
ཤེད་,1,0.043346337234503686
འཆགནང་,1,0.043346337234503686
ཆད་པ་,1,0.043346337234503686
ཐོན,1,0.043346337234503686
སླར་,1,0.043346337234503686
ཡགས་པ་,1,0.043346337234503686
འགྲོཤེད་,1,0.043346337234503686
སྤྱོད་ལམ་,1,0.043346337234503686
སྔར་,1,0.043346337234503686
ནས་རྩམ་པ་,1,0.043346337234503686
ཇ་,1,0.043346337234503686
མི་སྟོ,1,0.043346337234503686
འདྲིལ་,1,0.043346337234503686
རྒྱམ་ཚྭ་,1,0.043346337234503686
དྲི་མ་,1,0.043346337234503686
བརྡུངས་,1,0.043346337234503686
འབྲི་མོག་,1,0.043346337234503686
རྐང་,1,0.043346337234503686
གཟི་མདངས་,1,0.043346337234503686
བཟང་མོ་,1,0.043346337234503686
བཙོ་,1,0.043346337234503686
སྐམ་,1,0.043346337234503686
སྐོད་,1,0.043346337234503686
སྤྲུ་,1,0.043346337234503686
ཆུ་ཁ་,1,0.043346337234503686
རྡོར་,1,0.043346337234503686
འཇུགདེ་,1,0.043346337234503686
ལྟོག་,1,0.043346337234503686
གདམས་པ,1,0.043346337234503686
གཏོར་མ,1,0.043346337234503686
མཆོད་པ,1,0.043346337234503686
ལ་ལུང་,1,0.043346337234503686
ནོད་པ་,1,0.043346337234503686
སེམས་བསྐྱེད་པ་,1,0.043346337234503686
སྤྱི་,1,0.043346337234503686
མཐུན,1,0.043346337234503686
གསང་སྔགས་པ་,1,0.043346337234503686
ང་རྒྱལ་,1,0.043346337234503686
དགོས,1,0.043346337234503686
རྫ་མ་,1,0.043346337234503686
སྟོང་པ,1,0.043346337234503686
དབུས་,1,0.043346337234503686
ཀ,1,0.043346337234503686
རྩི་ལྟ་བུ,1,0.043346337234503686
གྱུར་པ་,1,0.043346337234503686
འོད་,1,0.043346337234503686
ལྗང་,1,0.043346337234503686
དཀར་མོ་,1,0.043346337234503686
སྐྲ་,1,0.043346337234503686
གྲོལ་,1,0.043346337234503686
ལྷུ་,1,0.043346337234503686
གུ,1,0.043346337234503686
རོ་བརྒྱ་,1,0.043346337234503686
བསྣམས་པ,1,0.043346337234503686
འགྱིང་བག་,1,0.043346337234503686
བཅས་པ་,1,0.043346337234503686
མདུན་,1,0.043346337234503686
གྱེན་,1,0.043346337234503686
བཟློག་,1,0.043346337234503686
སྙིང་དཀར་,1,0.043346337234503686
ནག་,1,0.043346337234503686
མཚམས་,1,0.043346337234503686
རལ་གྲི་,1,0.043346337234503686
བརྒྱབས་,1,0.043346337234503686
ལ་རྩ་,1,0.043346337234503686
གནས་པ་,1,0.043346337234503686
དུམ་བུ་,1,0.043346337234503686
ཁོག་སྟོང་,1,0.043346337234503686
ཁེངས་པ,1,0.043346337234503686
སམས,1,0.043346337234503686
ཁ་སྦྱོར་,1,0.043346337234503686
མམ་,1,0.043346337234503686
བཞི,1,0.043346337234503686
སྦྱོར་བ,1,0.043346337234503686
འོད་འཕྲོ,1,0.043346337234503686
ས་པ,1,0.043346337234503686
སེམས་ཅན་,1,0.043346337234503686
སྡིག་སྒྲིབ་,1,0.043346337234503686
སྦྱངས,1,0.043346337234503686
ཚུར་,1,0.043346337234503686
འདུས་,1,0.043346337234503686
གནོད་པ་,1,0.043346337234503686
སྡིག་པ་,1,0.043346337234503686
རྣམ་སྨིན་,1,0.043346337234503686
ཐུལ་,1,0.043346337234503686
ཚིག་པ,1,0.043346337234503686
སྤྲོ་,1,0.043346337234503686
བསྡུ་,1,0.043346337234503686
ཀྱིན་,1,0.043346337234503686
ལྕེ་,1,0.043346337234503686
ཐོག་,1,0.043346337234503686
ཉང་,1,0.043346337234503686
འདུག་,1,0.043346337234503686
གོ,1,0.043346337234503686
